path,basename,extension,top_level_dir
"000.index/000_OVERVIEW.md","000_OVERVIEW.md","md","000.index"
"000.index/000_STATIC_ART_OS_DOCUMENT_BUNDLE_INDEX.md","000_STATIC_ART_OS_DOCUMENT_BUNDLE_INDEX.md","md","000.index"
"000000_STATIC_ART_OS_STANDALONE_IMPLEMENTATION_READY_INTEGRATED.md","000000_STATIC_ART_OS_STANDALONE_IMPLEMENTATION_READY_INTEGRATED.md","md","000000_STATIC_ART_OS_STANDALONE_IMPLEMENTATION_READY_INTEGRATED.md"
"000001_STATIC_ART_OS_PORTAL.md","000001_STATIC_ART_OS_PORTAL.md","md","000001_STATIC_ART_OS_PORTAL.md"
"000_STATIC_ART_OS_INDEX.md","000_STATIC_ART_OS_INDEX.md","md","000_STATIC_ART_OS_INDEX.md"
"000_STATIC_ART_OS_OVERVIEW.md","000_STATIC_ART_OS_OVERVIEW.md","md","000_STATIC_ART_OS_OVERVIEW.md"
"000_STATIC_ART_OS_ROADMAP.md","000_STATIC_ART_OS_ROADMAP.md","md","000_STATIC_ART_OS_ROADMAP.md"
"00_STATIC_ART_OS_INTEGRATED.md","00_STATIC_ART_OS_INTEGRATED.md","md","00_STATIC_ART_OS_INTEGRATED.md"
"010.constitution/000_STATIC_ART_OS_CONSTITUTION_INDEX.md","000_STATIC_ART_OS_CONSTITUTION_INDEX.md","md","010.constitution"
"010.constitution/000_STATIC_ART_OS_CONSTITUTION_OVERVIEW.md","000_STATIC_ART_OS_CONSTITUTION_OVERVIEW.md","md","010.constitution"
"010.constitution/00_STATIC_ART_OS_CONSTITUTION_INTEGRATED.md","00_STATIC_ART_OS_CONSTITUTION_INTEGRATED.md","md","010.constitution"
"010.overview/010_INDEX.md","010_INDEX.md","md","010.overview"
"010.overview/010_STATIC_ART_OS_IMPLEMENTATION_READY_OVERVIEW.md","010_STATIC_ART_OS_IMPLEMENTATION_READY_OVERVIEW.md","md","010.overview"
"020.architecture/000_STATIC_ART_ARCHITECTURE_DOMAIN_BOUNDARY.md","000_STATIC_ART_ARCHITECTURE_DOMAIN_BOUNDARY.md","md","020.architecture"
"020.architecture/000_STATIC_ART_ARCHITECTURE_INDEX.md","000_STATIC_ART_ARCHITECTURE_INDEX.md","md","020.architecture"
"020.architecture/000_STATIC_ART_ARCHITECTURE_OVERVIEW.md","000_STATIC_ART_ARCHITECTURE_OVERVIEW.md","md","020.architecture"
"040.runtime/000_STATIC_ART_RUNTIME_ENTITLEMENT_AND_CONSUMPTION_BEHAVIOR.md","000_STATIC_ART_RUNTIME_ENTITLEMENT_AND_CONSUMPTION_BEHAVIOR.md","md","040.runtime"
"040.runtime/000_STATIC_ART_RUNTIME_INDEX.md","000_STATIC_ART_RUNTIME_INDEX.md","md","040.runtime"
"040.runtime/000_STATIC_ART_RUNTIME_OVERVIEW.md","000_STATIC_ART_RUNTIME_OVERVIEW.md","md","040.runtime"
"050.flow/000_STATIC_ART_CORE_FLOW_INTEGRATED.md","000_STATIC_ART_CORE_FLOW_INTEGRATED.md","md","050.flow"
"050.flow/000_STATIC_ART_FLOW_INDEX.md","000_STATIC_ART_FLOW_INDEX.md","md","050.flow"
"050.flow/000_STATIC_ART_FLOW_OVERVIEW.md","000_STATIC_ART_FLOW_OVERVIEW.md","md","050.flow"
"060.integration/000_STATIC_ART_COMMON_COMPONENT_PROMOTION_CANDIDATES.md","000_STATIC_ART_COMMON_COMPONENT_PROMOTION_CANDIDATES.md","md","060.integration"
"060.integration/000_STATIC_ART_EXHIBITION_BUILDER_INTEGRATION_CONTRACT.md","000_STATIC_ART_EXHIBITION_BUILDER_INTEGRATION_CONTRACT.md","md","060.integration"
"060.integration/000_STATIC_ART_INTEGRATION_INDEX.md","000_STATIC_ART_INTEGRATION_INDEX.md","md","060.integration"
"060.integration/000_STATIC_ART_INTEGRATION_OVERVIEW.md","000_STATIC_ART_INTEGRATION_OVERVIEW.md","md","060.integration"
"060.integration/001_STATIC_ART_COMMON_COMPONENT_REVIEW_MATRIX.md","001_STATIC_ART_COMMON_COMPONENT_REVIEW_MATRIX.md","md","060.integration"
"060.integration/00_STATIC_ART_INTEGRATION_INTEGRATED.md","00_STATIC_ART_INTEGRATION_INTEGRATED.md","md","060.integration"
"060.reference-integration/060130_STATIC_ART_OS_CX22073JW_REFERENCE_INTEGRATION_EXACTNESS.md","060130_STATIC_ART_OS_CX22073JW_REFERENCE_INTEGRATION_EXACTNESS.md","md","060.reference-integration"
"060.reference-integration/060_INDEX.md","060_INDEX.md","md","060.reference-integration"
"060.reference-integration/060_OVERVIEW.md","060_OVERVIEW.md","md","060.reference-integration"
"070.operations/000_STATIC_ART_OPERATIONS_INDEX.md","000_STATIC_ART_OPERATIONS_INDEX.md","md","070.operations"
"070.operations/000_STATIC_ART_OPERATIONS_OVERVIEW.md","000_STATIC_ART_OPERATIONS_OVERVIEW.md","md","070.operations"
"070.operations/000_STATIC_ART_REVIEW_AND_RELEASE_OPERATIONS.md","000_STATIC_ART_REVIEW_AND_RELEASE_OPERATIONS.md","md","070.operations"
"070.operations/070_ROADMAP.md","070_ROADMAP.md","md","070.operations"
"080.policy/000_STATIC_ART_POLICY_INDEX.md","000_STATIC_ART_POLICY_INDEX.md","md","080.policy"
"080.policy/000_STATIC_ART_POLICY_OVERVIEW.md","000_STATIC_ART_POLICY_OVERVIEW.md","md","080.policy"
"080.policy/000_STATIC_ART_RIGHTS_SUBSCRIPTION_AND_RESTRICTION_POLICY.md","000_STATIC_ART_RIGHTS_SUBSCRIPTION_AND_RESTRICTION_POLICY.md","md","080.policy"
"100.security/000_STATIC_ART_ACCESS_AND_ASSET_PROTECTION_POLICY.md","000_STATIC_ART_ACCESS_AND_ASSET_PROTECTION_POLICY.md","md","100.security"
"100.security/000_STATIC_ART_SECURITY_INDEX.md","000_STATIC_ART_SECURITY_INDEX.md","md","100.security"
"100.security/000_STATIC_ART_SECURITY_OVERVIEW.md","000_STATIC_ART_SECURITY_OVERVIEW.md","md","100.security"
"110.infrastructure/000_STATIC_ART_INFRASTRUCTURE_INDEX.md","000_STATIC_ART_INFRASTRUCTURE_INDEX.md","md","110.infrastructure"
"110.infrastructure/000_STATIC_ART_INFRASTRUCTURE_OVERVIEW.md","000_STATIC_ART_INFRASTRUCTURE_OVERVIEW.md","md","110.infrastructure"
"110.infrastructure/000_STATIC_ART_STORAGE_DELIVERY_AND_INDEXING_ASSUMPTIONS.md","000_STATIC_ART_STORAGE_DELIVERY_AND_INDEXING_ASSUMPTIONS.md","md","110.infrastructure"
"120.exactness/120110_STATIC_ART_OS_DB_SCHEMA_EXACTNESS.md","120110_STATIC_ART_OS_DB_SCHEMA_EXACTNESS.md","md","120.exactness"
"120.exactness/120120_STATIC_ART_OS_API_EXACTNESS.md","120120_STATIC_ART_OS_API_EXACTNESS.md","md","120.exactness"
"120.exactness/120130_STATIC_ART_OS_SCREEN_STATEFLOW_EXACTNESS.md","120130_STATIC_ART_OS_SCREEN_STATEFLOW_EXACTNESS.md","md","120.exactness"
"120.exactness/120140_STATIC_ART_OS_PERMISSION_POLICY_EXACTNESS.md","120140_STATIC_ART_OS_PERMISSION_POLICY_EXACTNESS.md","md","120.exactness"
"120.exactness/120_INDEX.md","120_INDEX.md","md","120.exactness"
"120.exactness/120_OVERVIEW.md","120_OVERVIEW.md","md","120.exactness"
"120.implementation/000_STATIC_ART_API_EXACT_CONTRACT.md","000_STATIC_ART_API_EXACT_CONTRACT.md","md","120.implementation"
"120.implementation/000_STATIC_ART_IMPLEMENTATION_INDEX.md","000_STATIC_ART_IMPLEMENTATION_INDEX.md","md","120.implementation"
"120.implementation/000_STATIC_ART_IMPLEMENTATION_OVERVIEW.md","000_STATIC_ART_IMPLEMENTATION_OVERVIEW.md","md","120.implementation"
"120.implementation/000_STATIC_ART_STATE_PERMISSION_AND_VALIDATION_EXACTNESS.md","000_STATIC_ART_STATE_PERMISSION_AND_VALIDATION_EXACTNESS.md","md","120.implementation"
"121.db-implementation-prep/121100_STATIC_ART_OS_DB_IMPLEMENTATION_PREP_INDEX.md","121100_STATIC_ART_OS_DB_IMPLEMENTATION_PREP_INDEX.md","md","121.db-implementation-prep"
"121.db-implementation-prep/121110_STATIC_ART_OS_DDL_MIGRATION_ORDER.md","121110_STATIC_ART_OS_DDL_MIGRATION_ORDER.md","md","121.db-implementation-prep"
"121.db-implementation-prep/121120_STATIC_ART_OS_TABLE_DDL_SKELETON.md","121120_STATIC_ART_OS_TABLE_DDL_SKELETON.md","md","121.db-implementation-prep"
"121.db-implementation-prep/121130_STATIC_ART_OS_ENUM_AND_CONSTRAINT_SKELETON.md","121130_STATIC_ART_OS_ENUM_AND_CONSTRAINT_SKELETON.md","md","121.db-implementation-prep"
"121.db-implementation-prep/121140_STATIC_ART_OS_PROJECTION_REFRESH_JOB_SKELETON.md","121140_STATIC_ART_OS_PROJECTION_REFRESH_JOB_SKELETON.md","md","121.db-implementation-prep"
"121.db-implementation-prep/121150_STATIC_ART_OS_SQL_SKELETON_PACK_INDEX.md","121150_STATIC_ART_OS_SQL_SKELETON_PACK_INDEX.md","md","121.db-implementation-prep"
"121.db-implementation-prep/121160_STATIC_ART_OS_PHASE1_VERIFICATION_PACK_INDEX.md","121160_STATIC_ART_OS_PHASE1_VERIFICATION_PACK_INDEX.md","md","121.db-implementation-prep"
"121.db-implementation-prep/121170_STATIC_ART_OS_PHASE1_OPERATION_MANUAL.md","121170_STATIC_ART_OS_PHASE1_OPERATION_MANUAL.md","md","121.db-implementation-prep"
"121.db-implementation-prep/121180_STATIC_ART_OS_PHASE1_APPLY_VERIFY_WORKFLOW.sh","121180_STATIC_ART_OS_PHASE1_APPLY_VERIFY_WORKFLOW.sh","sh","121.db-implementation-prep"
"121.db-implementation-prep/121190_STATIC_ART_OS_PHASE1_COMPLETION_MEMO_TEMPLATE.md","121190_STATIC_ART_OS_PHASE1_COMPLETION_MEMO_TEMPLATE.md","md","121.db-implementation-prep"
"121.db-implementation-prep/121_OVERVIEW.md","121_OVERVIEW.md","md","121.db-implementation-prep"
"121.db-implementation-prep/sql/001_staticart_schema_and_enums.sql","001_staticart_schema_and_enums.sql","sql","121.db-implementation-prep"
"121.db-implementation-prep/sql/010_staticart_asset_master.sql","010_staticart_asset_master.sql","sql","121.db-implementation-prep"
"121.db-implementation-prep/sql/020_staticart_asset_version.sql","020_staticart_asset_version.sql","sql","121.db-implementation-prep"
"121.db-implementation-prep/sql/030_staticart_files_and_metadata.sql","030_staticart_files_and_metadata.sql","sql","121.db-implementation-prep"
"121.db-implementation-prep/sql/040_staticart_policy_and_commerce.sql","040_staticart_policy_and_commerce.sql","sql","121.db-implementation-prep"
"121.db-implementation-prep/sql/050_staticart_review_and_audit.sql","050_staticart_review_and_audit.sql","sql","121.db-implementation-prep"
"121.db-implementation-prep/sql/060_staticart_entitlement_and_continuity.sql","060_staticart_entitlement_and_continuity.sql","sql","121.db-implementation-prep"
"121.db-implementation-prep/sql/070_staticart_projection_tables.sql","070_staticart_projection_tables.sql","sql","121.db-implementation-prep"
"121.db-implementation-prep/sql/900_staticart_phase1_apply_runner.sh","900_staticart_phase1_apply_runner.sh","sh","121.db-implementation-prep"
"121.db-implementation-prep/verification/911_staticart_phase1_env_check.sh","911_staticart_phase1_env_check.sh","sh","121.db-implementation-prep"
"121.db-implementation-prep/verification/912_staticart_phase1_schema_enum_verify.sh","912_staticart_phase1_schema_enum_verify.sh","sh","121.db-implementation-prep"
"121.db-implementation-prep/verification/913_staticart_phase1_table_verify.sh","913_staticart_phase1_table_verify.sh","sh","121.db-implementation-prep"
"121.db-implementation-prep/verification/914_staticart_phase1_index_verify.sh","914_staticart_phase1_index_verify.sh","sh","121.db-implementation-prep"
"121.db-implementation-prep/verification/915_staticart_phase1_integrity_verify.sh","915_staticart_phase1_integrity_verify.sh","sh","121.db-implementation-prep"
"121.db-implementation-prep/verification/990_staticart_phase1_full_verify.sh","990_staticart_phase1_full_verify.sh","sh","121.db-implementation-prep"
"122.api-implementation-prep/122100_STATIC_ART_OS_API_IMPLEMENTATION_PREP_INDEX.md","122100_STATIC_ART_OS_API_IMPLEMENTATION_PREP_INDEX.md","md","122.api-implementation-prep"
"122.api-implementation-prep/122110_STATIC_ART_OS_ENDPOINT_IMPLEMENTATION_LEDGER.md","122110_STATIC_ART_OS_ENDPOINT_IMPLEMENTATION_LEDGER.md","md","122.api-implementation-prep"
"122.api-implementation-prep/122120_STATIC_ART_OS_OPENAPI_SKELETON.md","122120_STATIC_ART_OS_OPENAPI_SKELETON.md","md","122.api-implementation-prep"
"122.api-implementation-prep/122130_STATIC_ART_OS_ERROR_MAPPING_SKELETON.md","122130_STATIC_ART_OS_ERROR_MAPPING_SKELETON.md","md","122.api-implementation-prep"
"122.api-implementation-prep/122140_STATIC_ART_OS_IDEMPOTENCY_AND_CONCURRENCY_SKELETON.md","122140_STATIC_ART_OS_IDEMPOTENCY_AND_CONCURRENCY_SKELETON.md","md","122.api-implementation-prep"
"122.api-implementation-prep/122150_STATIC_ART_OS_OPENAPI_FILE_PACK_INDEX.md","122150_STATIC_ART_OS_OPENAPI_FILE_PACK_INDEX.md","md","122.api-implementation-prep"
"122.api-implementation-prep/122160_STATIC_ART_OS_API_SOURCE_SKELETON_INDEX.md","122160_STATIC_ART_OS_API_SOURCE_SKELETON_INDEX.md","md","122.api-implementation-prep"
"122.api-implementation-prep/122170_STATIC_ART_OS_PHASE2_BINDING_TASK_LEDGER.md","122170_STATIC_ART_OS_PHASE2_BINDING_TASK_LEDGER.md","md","122.api-implementation-prep"
"122.api-implementation-prep/122180_STATIC_ART_OS_PHASE2_ENDPOINT_SERVICE_REPOSITORY_MATRIX.md","122180_STATIC_ART_OS_PHASE2_ENDPOINT_SERVICE_REPOSITORY_MATRIX.md","md","122.api-implementation-prep"
"122.api-implementation-prep/122190_STATIC_ART_OS_PHASE2_VALIDATOR_GUARD_BINDING_MATRIX.md","122190_STATIC_ART_OS_PHASE2_VALIDATOR_GUARD_BINDING_MATRIX.md","md","122.api-implementation-prep"
"122.api-implementation-prep/122200_STATIC_ART_OS_PHASE2_EXIT_CRITERIA_AND_CHECKLIST.md","122200_STATIC_ART_OS_PHASE2_EXIT_CRITERIA_AND_CHECKLIST.md","md","122.api-implementation-prep"
"122.api-implementation-prep/122210_STATIC_ART_OS_PHASE2_PROGRESS_MEMO_TEMPLATE.md","122210_STATIC_ART_OS_PHASE2_PROGRESS_MEMO_TEMPLATE.md","md","122.api-implementation-prep"
"122.api-implementation-prep/122220_STATIC_ART_OS_PHASE2_REPOSITORY_IMPLEMENTATION_SKELETON_INDEX.md","122220_STATIC_ART_OS_PHASE2_REPOSITORY_IMPLEMENTATION_SKELETON_INDEX.md","md","122.api-implementation-prep"
"122.api-implementation-prep/122230_STATIC_ART_OS_PHASE2_REPOSITORY_BINDING_NOTES.md","122230_STATIC_ART_OS_PHASE2_REPOSITORY_BINDING_NOTES.md","md","122.api-implementation-prep"
"122.api-implementation-prep/122240_STATIC_ART_OS_PHASE2_IMPLEMENTATION_CHECK_PACK_INDEX.md","122240_STATIC_ART_OS_PHASE2_IMPLEMENTATION_CHECK_PACK_INDEX.md","md","122.api-implementation-prep"
"122.api-implementation-prep/122250_STATIC_ART_OS_PHASE2_IMPLEMENTATION_CHECKLIST.md","122250_STATIC_ART_OS_PHASE2_IMPLEMENTATION_CHECKLIST.md","md","122.api-implementation-prep"
"122.api-implementation-prep/122260_STATIC_ART_OS_PHASE2_COMPLETION_MEMO_TEMPLATE.md","122260_STATIC_ART_OS_PHASE2_COMPLETION_MEMO_TEMPLATE.md","md","122.api-implementation-prep"
"122.api-implementation-prep/122270_STATIC_ART_OS_PHASE3_GOVERNANCE_AND_PUBLISH_TASK_LEDGER.md","122270_STATIC_ART_OS_PHASE3_GOVERNANCE_AND_PUBLISH_TASK_LEDGER.md","md","122.api-implementation-prep"
"122.api-implementation-prep/122280_STATIC_ART_OS_PHASE3_ENDPOINT_SERVICE_REPOSITORY_MATRIX.md","122280_STATIC_ART_OS_PHASE3_ENDPOINT_SERVICE_REPOSITORY_MATRIX.md","md","122.api-implementation-prep"
"122.api-implementation-prep/122290_STATIC_ART_OS_PHASE3_AUDIT_AND_PROJECTION_BINDING_MATRIX.md","122290_STATIC_ART_OS_PHASE3_AUDIT_AND_PROJECTION_BINDING_MATRIX.md","md","122.api-implementation-prep"
"122.api-implementation-prep/122300_STATIC_ART_OS_PHASE3_EXIT_CRITERIA_AND_CHECKLIST.md","122300_STATIC_ART_OS_PHASE3_EXIT_CRITERIA_AND_CHECKLIST.md","md","122.api-implementation-prep"
"122.api-implementation-prep/122310_STATIC_ART_OS_PHASE3_PROGRESS_MEMO_TEMPLATE.md","122310_STATIC_ART_OS_PHASE3_PROGRESS_MEMO_TEMPLATE.md","md","122.api-implementation-prep"
"122.api-implementation-prep/122320_STATIC_ART_OS_PHASE3_REPOSITORY_EXTENSION_NOTES.md","122320_STATIC_ART_OS_PHASE3_REPOSITORY_EXTENSION_NOTES.md","md","122.api-implementation-prep"
"122.api-implementation-prep/122330_STATIC_ART_OS_PHASE3_REPOSITORY_AND_CHECK_PACK_INDEX.md","122330_STATIC_ART_OS_PHASE3_REPOSITORY_AND_CHECK_PACK_INDEX.md","md","122.api-implementation-prep"
"122.api-implementation-prep/122340_STATIC_ART_OS_PHASE3_IMPLEMENTATION_INTEGRATION_ORDER.md","122340_STATIC_ART_OS_PHASE3_IMPLEMENTATION_INTEGRATION_ORDER.md","md","122.api-implementation-prep"
"122.api-implementation-prep/122350_STATIC_ART_OS_PHASE4_5_REPOSITORY_EXTENSION_NOTES.md","122350_STATIC_ART_OS_PHASE4_5_REPOSITORY_EXTENSION_NOTES.md","md","122.api-implementation-prep"
"122.api-implementation-prep/122_OVERVIEW.md","122_OVERVIEW.md","md","122.api-implementation-prep"
"122.api-implementation-prep/openapi/components/staticart.common.schemas.yaml","staticart.common.schemas.yaml","yaml","122.api-implementation-prep"
"122.api-implementation-prep/openapi/components/staticart.error.codes.yaml","staticart.error.codes.yaml","yaml","122.api-implementation-prep"
"122.api-implementation-prep/openapi/routes/staticart.route.stub.ledger.md","staticart.route.stub.ledger.md","md","122.api-implementation-prep"
"122.api-implementation-prep/openapi/staticart.openapi.yaml","staticart.openapi.yaml","yaml","122.api-implementation-prep"
"122.api-implementation-prep/phase2-checks/921_staticart_phase2_env_check.sh","921_staticart_phase2_env_check.sh","sh","122.api-implementation-prep"
"122.api-implementation-prep/phase2-checks/922_staticart_phase2_file_presence_check.sh","922_staticart_phase2_file_presence_check.sh","sh","122.api-implementation-prep"
"122.api-implementation-prep/phase2-checks/923_staticart_phase2_binding_smoke_check.sh","923_staticart_phase2_binding_smoke_check.sh","sh","122.api-implementation-prep"
"122.api-implementation-prep/phase2-checks/990_staticart_phase2_full_check.sh","990_staticart_phase2_full_check.sh","sh","122.api-implementation-prep"
"122.api-implementation-prep/phase3-checks/931_staticart_phase3_env_check.sh","931_staticart_phase3_env_check.sh","sh","122.api-implementation-prep"
"122.api-implementation-prep/phase3-checks/932_staticart_phase3_file_presence_check.sh","932_staticart_phase3_file_presence_check.sh","sh","122.api-implementation-prep"
"122.api-implementation-prep/phase3-checks/933_staticart_phase3_binding_smoke_check.sh","933_staticart_phase3_binding_smoke_check.sh","sh","122.api-implementation-prep"
"122.api-implementation-prep/phase3-checks/990_staticart_phase3_full_check.sh","990_staticart_phase3_full_check.sh","sh","122.api-implementation-prep"
"122.api-implementation-prep/phase4-5-checks/941_staticart_phase4_5_env_check.sh","941_staticart_phase4_5_env_check.sh","sh","122.api-implementation-prep"
"122.api-implementation-prep/phase4-5-checks/942_staticart_phase4_5_file_presence_check.sh","942_staticart_phase4_5_file_presence_check.sh","sh","122.api-implementation-prep"
"122.api-implementation-prep/phase4-5-checks/943_staticart_phase4_5_binding_smoke_check.sh","943_staticart_phase4_5_binding_smoke_check.sh","sh","122.api-implementation-prep"
"122.api-implementation-prep/phase4-5-checks/990_staticart_phase4_5_full_check.sh","990_staticart_phase4_5_full_check.sh","sh","122.api-implementation-prep"
"122.api-implementation-prep/source-skeleton/staticart-api/README.md","README.md","md","122.api-implementation-prep"
"122.api-implementation-prep/source-skeleton/staticart-api/contracts/dto.ts","dto.ts","ts","122.api-implementation-prep"
"122.api-implementation-prep/source-skeleton/staticart-api/contracts/types.ts","types.ts","ts","122.api-implementation-prep"
"122.api-implementation-prep/source-skeleton/staticart-api/core/error-codes.ts","error-codes.ts","ts","122.api-implementation-prep"
"122.api-implementation-prep/source-skeleton/staticart-api/core/errors.ts","errors.ts","ts","122.api-implementation-prep"
"122.api-implementation-prep/source-skeleton/staticart-api/core/response.ts","response.ts","ts","122.api-implementation-prep"
"122.api-implementation-prep/source-skeleton/staticart-api/guards/permission-guard.ts","permission-guard.ts","ts","122.api-implementation-prep"
"122.api-implementation-prep/source-skeleton/staticart-api/jobs/projection-jobs.ts","projection-jobs.ts","ts","122.api-implementation-prep"
"122.api-implementation-prep/source-skeleton/staticart-api/repositories/README.md","README.md","md","122.api-implementation-prep"
"122.api-implementation-prep/source-skeleton/staticart-api/repositories/asset-repository.impl.ts","asset-repository.impl.ts","ts","122.api-implementation-prep"
"122.api-implementation-prep/source-skeleton/staticart-api/repositories/db-client.ts","db-client.ts","ts","122.api-implementation-prep"
"122.api-implementation-prep/source-skeleton/staticart-api/repositories/entitlement-repository.impl.ts","entitlement-repository.impl.ts","ts","122.api-implementation-prep"
"122.api-implementation-prep/source-skeleton/staticart-api/repositories/helpers/entitlement-resolution.ts","entitlement-resolution.ts","ts","122.api-implementation-prep"
"122.api-implementation-prep/source-skeleton/staticart-api/repositories/helpers/library-continuity.ts","library-continuity.ts","ts","122.api-implementation-prep"
"122.api-implementation-prep/source-skeleton/staticart-api/repositories/helpers/lifecycle-transition.ts","lifecycle-transition.ts","ts","122.api-implementation-prep"
"122.api-implementation-prep/source-skeleton/staticart-api/repositories/helpers/repository-errors.ts","repository-errors.ts","ts","122.api-implementation-prep"
"122.api-implementation-prep/source-skeleton/staticart-api/repositories/interfaces.ts","interfaces.ts","ts","122.api-implementation-prep"
"122.api-implementation-prep/source-skeleton/staticart-api/repositories/library-repository.impl.ts","library-repository.impl.ts","ts","122.api-implementation-prep"
"122.api-implementation-prep/source-skeleton/staticart-api/repositories/projection-repository.impl.ts","projection-repository.impl.ts","ts","122.api-implementation-prep"
"122.api-implementation-prep/source-skeleton/staticart-api/repositories/sql/staticart-access-session-sql.ts","staticart-access-session-sql.ts","ts","122.api-implementation-prep"
"122.api-implementation-prep/source-skeleton/staticart-api/repositories/sql/staticart-asset-sql.ts","staticart-asset-sql.ts","ts","122.api-implementation-prep"
"122.api-implementation-prep/source-skeleton/staticart-api/repositories/sql/staticart-audit-sql.ts","staticart-audit-sql.ts","ts","122.api-implementation-prep"
"122.api-implementation-prep/source-skeleton/staticart-api/repositories/sql/staticart-entitlement-resolution-sql.ts","staticart-entitlement-resolution-sql.ts","ts","122.api-implementation-prep"
"122.api-implementation-prep/source-skeleton/staticart-api/repositories/sql/staticart-entitlement-sql.ts","staticart-entitlement-sql.ts","ts","122.api-implementation-prep"
"122.api-implementation-prep/source-skeleton/staticart-api/repositories/sql/staticart-governance-sql.ts","staticart-governance-sql.ts","ts","122.api-implementation-prep"
"122.api-implementation-prep/source-skeleton/staticart-api/repositories/sql/staticart-library-projection-refresh-sql.ts","staticart-library-projection-refresh-sql.ts","ts","122.api-implementation-prep"
"122.api-implementation-prep/source-skeleton/staticart-api/repositories/sql/staticart-library-sql.ts","staticart-library-sql.ts","ts","122.api-implementation-prep"
"122.api-implementation-prep/source-skeleton/staticart-api/repositories/sql/staticart-projection-queue-sql.ts","staticart-projection-queue-sql.ts","ts","122.api-implementation-prep"
"122.api-implementation-prep/source-skeleton/staticart-api/repositories/sql/staticart-projection-sql.ts","staticart-projection-sql.ts","ts","122.api-implementation-prep"
"122.api-implementation-prep/source-skeleton/staticart-api/routes/assets.route.ts","assets.route.ts","ts","122.api-implementation-prep"
"122.api-implementation-prep/source-skeleton/staticart-api/routes/internal.route.ts","internal.route.ts","ts","122.api-implementation-prep"
"122.api-implementation-prep/source-skeleton/staticart-api/routes/library.route.ts","library.route.ts","ts","122.api-implementation-prep"
"122.api-implementation-prep/source-skeleton/staticart-api/routes/review.route.ts","review.route.ts","ts","122.api-implementation-prep"
"122.api-implementation-prep/source-skeleton/staticart-api/services/asset-service.ts","asset-service.ts","ts","122.api-implementation-prep"
"122.api-implementation-prep/source-skeleton/staticart-api/services/entitlement-service.ts","entitlement-service.ts","ts","122.api-implementation-prep"
"122.api-implementation-prep/source-skeleton/staticart-api/services/idempotency-service.ts","idempotency-service.ts","ts","122.api-implementation-prep"
"122.api-implementation-prep/source-skeleton/staticart-api/services/library-service.ts","library-service.ts","ts","122.api-implementation-prep"
"122.api-implementation-prep/source-skeleton/staticart-api/services/projection-service.ts","projection-service.ts","ts","122.api-implementation-prep"
"122.api-implementation-prep/source-skeleton/staticart-api/validators/request-validators.ts","request-validators.ts","ts","122.api-implementation-prep"
"123.ui-implementation-prep/123100_STATIC_ART_OS_UI_IMPLEMENTATION_PREP_INDEX.md","123100_STATIC_ART_OS_UI_IMPLEMENTATION_PREP_INDEX.md","md","123.ui-implementation-prep"
"123.ui-implementation-prep/123110_STATIC_ART_OS_SCREEN_IMPLEMENTATION_LEDGER.md","123110_STATIC_ART_OS_SCREEN_IMPLEMENTATION_LEDGER.md","md","123.ui-implementation-prep"
"123.ui-implementation-prep/123120_STATIC_ART_OS_COMPONENT_BOUNDARY_SKELETON.md","123120_STATIC_ART_OS_COMPONENT_BOUNDARY_SKELETON.md","md","123.ui-implementation-prep"
"123.ui-implementation-prep/123130_STATIC_ART_OS_BUTTON_STATE_MATRIX.md","123130_STATIC_ART_OS_BUTTON_STATE_MATRIX.md","md","123.ui-implementation-prep"
"123.ui-implementation-prep/123140_STATIC_ART_OS_LOADING_EMPTY_ERROR_FORBIDDEN_MATRIX.md","123140_STATIC_ART_OS_LOADING_EMPTY_ERROR_FORBIDDEN_MATRIX.md","md","123.ui-implementation-prep"
"123.ui-implementation-prep/123150_STATIC_ART_OS_UI_SOURCE_SKELETON_INDEX.md","123150_STATIC_ART_OS_UI_SOURCE_SKELETON_INDEX.md","md","123.ui-implementation-prep"
"123.ui-implementation-prep/123_OVERVIEW.md","123_OVERVIEW.md","md","123.ui-implementation-prep"
"123.ui-implementation-prep/source-skeleton/staticart-ui/README.md","README.md","md","123.ui-implementation-prep"
"123.ui-implementation-prep/source-skeleton/staticart-ui/components/admin/ReviewDecisionPanel.tsx","ReviewDecisionPanel.tsx","tsx","123.ui-implementation-prep"
"123.ui-implementation-prep/source-skeleton/staticart-ui/components/common/ActionButton.tsx","ActionButton.tsx","tsx","123.ui-implementation-prep"
"123.ui-implementation-prep/source-skeleton/staticart-ui/components/common/ScreenShell.tsx","ScreenShell.tsx","tsx","123.ui-implementation-prep"
"123.ui-implementation-prep/source-skeleton/staticart-ui/components/common/StatePanel.tsx","StatePanel.tsx","tsx","123.ui-implementation-prep"
"123.ui-implementation-prep/source-skeleton/staticart-ui/components/creator/AssetSummaryRail.tsx","AssetSummaryRail.tsx","tsx","123.ui-implementation-prep"
"123.ui-implementation-prep/source-skeleton/staticart-ui/components/creator/WorkspaceTabNav.tsx","WorkspaceTabNav.tsx","tsx","123.ui-implementation-prep"
"123.ui-implementation-prep/source-skeleton/staticart-ui/components/library/LibraryShelf.tsx","LibraryShelf.tsx","tsx","123.ui-implementation-prep"
"123.ui-implementation-prep/source-skeleton/staticart-ui/components/library/ReaderToolbar.tsx","ReaderToolbar.tsx","tsx","123.ui-implementation-prep"
"123.ui-implementation-prep/source-skeleton/staticart-ui/components/library/ViewerToolbar.tsx","ViewerToolbar.tsx","tsx","123.ui-implementation-prep"
"123.ui-implementation-prep/source-skeleton/staticart-ui/components/marketplace/AllowedActionsPanel.tsx","AllowedActionsPanel.tsx","tsx","123.ui-implementation-prep"
"123.ui-implementation-prep/source-skeleton/staticart-ui/components/marketplace/ProductCard.tsx","ProductCard.tsx","tsx","123.ui-implementation-prep"
"123.ui-implementation-prep/source-skeleton/staticart-ui/contracts/ui-types.ts","ui-types.ts","ts","123.ui-implementation-prep"
"123.ui-implementation-prep/source-skeleton/staticart-ui/navigation/staticart-ui-routes.ts","staticart-ui-routes.ts","ts","123.ui-implementation-prep"
"123.ui-implementation-prep/source-skeleton/staticart-ui/screens/admin/AuditDetailScreen.tsx","AuditDetailScreen.tsx","tsx","123.ui-implementation-prep"
"123.ui-implementation-prep/source-skeleton/staticart-ui/screens/admin/ReviewDetailScreen.tsx","ReviewDetailScreen.tsx","tsx","123.ui-implementation-prep"
"123.ui-implementation-prep/source-skeleton/staticart-ui/screens/admin/ReviewQueueScreen.tsx","ReviewQueueScreen.tsx","tsx","123.ui-implementation-prep"
"123.ui-implementation-prep/source-skeleton/staticart-ui/screens/creator/AssetDraftListScreen.tsx","AssetDraftListScreen.tsx","tsx","123.ui-implementation-prep"
"123.ui-implementation-prep/source-skeleton/staticart-ui/screens/creator/AssetWorkspaceScreen.tsx","AssetWorkspaceScreen.tsx","tsx","123.ui-implementation-prep"
"123.ui-implementation-prep/source-skeleton/staticart-ui/screens/creator/CreateAssetScreen.tsx","CreateAssetScreen.tsx","tsx","123.ui-implementation-prep"
"123.ui-implementation-prep/source-skeleton/staticart-ui/screens/library/ContinueReadingScreen.tsx","ContinueReadingScreen.tsx","tsx","123.ui-implementation-prep"
"123.ui-implementation-prep/source-skeleton/staticart-ui/screens/library/ContinueViewingScreen.tsx","ContinueViewingScreen.tsx","tsx","123.ui-implementation-prep"
"123.ui-implementation-prep/source-skeleton/staticart-ui/screens/library/MyLibraryScreen.tsx","MyLibraryScreen.tsx","tsx","123.ui-implementation-prep"
"123.ui-implementation-prep/source-skeleton/staticart-ui/screens/library/ReaderAnnotationPanelScreen.tsx","ReaderAnnotationPanelScreen.tsx","tsx","123.ui-implementation-prep"
"123.ui-implementation-prep/source-skeleton/staticart-ui/screens/library/ReaderScreen.tsx","ReaderScreen.tsx","tsx","123.ui-implementation-prep"
"123.ui-implementation-prep/source-skeleton/staticart-ui/screens/library/ViewerScreen.tsx","ViewerScreen.tsx","tsx","123.ui-implementation-prep"
"123.ui-implementation-prep/source-skeleton/staticart-ui/screens/marketplace/MarketplaceListScreen.tsx","MarketplaceListScreen.tsx","tsx","123.ui-implementation-prep"
"123.ui-implementation-prep/source-skeleton/staticart-ui/screens/marketplace/ProductDetailScreen.tsx","ProductDetailScreen.tsx","tsx","123.ui-implementation-prep"
"123.ui-implementation-prep/source-skeleton/staticart-ui/screens/marketplace/PurchaseResultOverlayScreen.tsx","PurchaseResultOverlayScreen.tsx","tsx","123.ui-implementation-prep"
"123.ui-implementation-prep/source-skeleton/staticart-ui/state/staticart-ui-store.ts","staticart-ui-store.ts","ts","123.ui-implementation-prep"
"124.test-implementation-prep/124100_STATIC_ART_OS_TEST_IMPLEMENTATION_PREP_INDEX.md","124100_STATIC_ART_OS_TEST_IMPLEMENTATION_PREP_INDEX.md","md","124.test-implementation-prep"
"124.test-implementation-prep/124110_STATIC_ART_OS_ACCEPTANCE_CASE_EXECUTION_LEDGER.md","124110_STATIC_ART_OS_ACCEPTANCE_CASE_EXECUTION_LEDGER.md","md","124.test-implementation-prep"
"124.test-implementation-prep/124120_STATIC_ART_OS_FIXTURE_AND_SEED_SKELETON.md","124120_STATIC_ART_OS_FIXTURE_AND_SEED_SKELETON.md","md","124.test-implementation-prep"
"124.test-implementation-prep/124130_STATIC_ART_OS_PERMISSION_TEST_MATRIX.md","124130_STATIC_ART_OS_PERMISSION_TEST_MATRIX.md","md","124.test-implementation-prep"
"124.test-implementation-prep/124140_STATIC_ART_OS_POLICY_AND_PROJECTION_TEST_MATRIX.md","124140_STATIC_ART_OS_POLICY_AND_PROJECTION_TEST_MATRIX.md","md","124.test-implementation-prep"
"124.test-implementation-prep/124150_STATIC_ART_OS_TEST_SOURCE_SKELETON_INDEX.md","124150_STATIC_ART_OS_TEST_SOURCE_SKELETON_INDEX.md","md","124.test-implementation-prep"
"124.test-implementation-prep/124160_STATIC_ART_OS_PHASE6_7_CHECK_PACK_INDEX.md","124160_STATIC_ART_OS_PHASE6_7_CHECK_PACK_INDEX.md","md","124.test-implementation-prep"
"124.test-implementation-prep/124_OVERVIEW.md","124_OVERVIEW.md","md","124.test-implementation-prep"
"124.test-implementation-prep/final-standalone-checks/971_staticart_standalone_env_check.sh","971_staticart_standalone_env_check.sh","sh","124.test-implementation-prep"
"124.test-implementation-prep/final-standalone-checks/972_staticart_standalone_file_presence_check.sh","972_staticart_standalone_file_presence_check.sh","sh","124.test-implementation-prep"
"124.test-implementation-prep/final-standalone-checks/973_staticart_standalone_phase_runner_presence_check.sh","973_staticart_standalone_phase_runner_presence_check.sh","sh","124.test-implementation-prep"
"124.test-implementation-prep/final-standalone-checks/974_staticart_standalone_summary_smoke_check.sh","974_staticart_standalone_summary_smoke_check.sh","sh","124.test-implementation-prep"
"124.test-implementation-prep/final-standalone-checks/999_staticart_standalone_full_check.sh","999_staticart_standalone_full_check.sh","sh","124.test-implementation-prep"
"124.test-implementation-prep/phase6-7-checks/961_staticart_phase6_7_env_check.sh","961_staticart_phase6_7_env_check.sh","sh","124.test-implementation-prep"
"124.test-implementation-prep/phase6-7-checks/962_staticart_phase6_ui_file_presence_check.sh","962_staticart_phase6_ui_file_presence_check.sh","sh","124.test-implementation-prep"
"124.test-implementation-prep/phase6-7-checks/963_staticart_phase7_test_file_presence_check.sh","963_staticart_phase7_test_file_presence_check.sh","sh","124.test-implementation-prep"
"124.test-implementation-prep/phase6-7-checks/964_staticart_phase6_7_binding_smoke_check.sh","964_staticart_phase6_7_binding_smoke_check.sh","sh","124.test-implementation-prep"
"124.test-implementation-prep/phase6-7-checks/990_staticart_phase6_7_full_check.sh","990_staticart_phase6_7_full_check.sh","sh","124.test-implementation-prep"
"124.test-implementation-prep/source-skeleton/staticart-tests/README.md","README.md","md","124.test-implementation-prep"
"124.test-implementation-prep/source-skeleton/staticart-tests/api/entitlement-and-library.test.ts","entitlement-and-library.test.ts","ts","124.test-implementation-prep"
"124.test-implementation-prep/source-skeleton/staticart-tests/api/lifecycle-and-review.test.ts","lifecycle-and-review.test.ts","ts","124.test-implementation-prep"
"124.test-implementation-prep/source-skeleton/staticart-tests/audit/permission-and-audit.test.ts","permission-and-audit.test.ts","ts","124.test-implementation-prep"
"124.test-implementation-prep/source-skeleton/staticart-tests/config/test-env.ts","test-env.ts","ts","124.test-implementation-prep"
"124.test-implementation-prep/source-skeleton/staticart-tests/fixtures/staticart-fixture-plan.md","staticart-fixture-plan.md","md","124.test-implementation-prep"
"124.test-implementation-prep/source-skeleton/staticart-tests/policy/policy-and-projection.test.ts","policy-and-projection.test.ts","ts","124.test-implementation-prep"
"124.test-implementation-prep/source-skeleton/staticart-tests/runners/900_staticart_test_execution_order.md","900_staticart_test_execution_order.md","md","124.test-implementation-prep"
"124.test-implementation-prep/source-skeleton/staticart-tests/runners/910_staticart_test_env_check.sh","910_staticart_test_env_check.sh","sh","124.test-implementation-prep"
"130.development/000_STATIC_ART_DEVELOPMENT_AND_RELEASE_RULES.md","000_STATIC_ART_DEVELOPMENT_AND_RELEASE_RULES.md","md","130.development"
"130.development/000_STATIC_ART_DEVELOPMENT_INDEX.md","000_STATIC_ART_DEVELOPMENT_INDEX.md","md","130.development"
"130.development/000_STATIC_ART_DEVELOPMENT_OVERVIEW.md","000_STATIC_ART_DEVELOPMENT_OVERVIEW.md","md","130.development"
"130.development/130110_STATIC_ART_OS_ACCEPTANCE_AND_TEST_EXACTNESS.md","130110_STATIC_ART_OS_ACCEPTANCE_AND_TEST_EXACTNESS.md","md","130.development"
"131.implementation-roadmap/131100_STATIC_ART_OS_IMPLEMENTATION_ROADMAP.md","131100_STATIC_ART_OS_IMPLEMENTATION_ROADMAP.md","md","131.implementation-roadmap"
"131.implementation-roadmap/131110_STATIC_ART_OS_PHASE1_IMPLEMENTATION_TASK_LEDGER.md","131110_STATIC_ART_OS_PHASE1_IMPLEMENTATION_TASK_LEDGER.md","md","131.implementation-roadmap"
"131.implementation-roadmap/131120_STATIC_ART_OS_PHASE2_TO_PHASE8_TASK_LEDGER.md","131120_STATIC_ART_OS_PHASE2_TO_PHASE8_TASK_LEDGER.md","md","131.implementation-roadmap"
"131.implementation-roadmap/131130_STATIC_ART_OS_DEPENDENCY_AND_GATE_MATRIX.md","131130_STATIC_ART_OS_DEPENDENCY_AND_GATE_MATRIX.md","md","131.implementation-roadmap"
"131.implementation-roadmap/131140_STATIC_ART_OS_PERSONA_ENV_AND_REVIEW_GATE.md","131140_STATIC_ART_OS_PERSONA_ENV_AND_REVIEW_GATE.md","md","131.implementation-roadmap"
"131.implementation-roadmap/131150_STATIC_ART_OS_EXECUTION_CHECKLIST.md","131150_STATIC_ART_OS_EXECUTION_CHECKLIST.md","md","131.implementation-roadmap"
"131.implementation-roadmap/131160_STATIC_ART_OS_PHASE3_TO_PHASE8_MASTER_EXECUTION_LEDGER.md","131160_STATIC_ART_OS_PHASE3_TO_PHASE8_MASTER_EXECUTION_LEDGER.md","md","131.implementation-roadmap"
"131.implementation-roadmap/131170_STATIC_ART_OS_PHASE3_TO_PHASE8_EXIT_CRITERIA_MATRIX.md","131170_STATIC_ART_OS_PHASE3_TO_PHASE8_EXIT_CRITERIA_MATRIX.md","md","131.implementation-roadmap"
"131.implementation-roadmap/131180_STATIC_ART_OS_PHASE4_ENTITLEMENT_AND_ACCESS_TASK_LEDGER.md","131180_STATIC_ART_OS_PHASE4_ENTITLEMENT_AND_ACCESS_TASK_LEDGER.md","md","131.implementation-roadmap"
"131.implementation-roadmap/131190_STATIC_ART_OS_PHASE5_LIBRARY_AND_CONTINUITY_TASK_LEDGER.md","131190_STATIC_ART_OS_PHASE5_LIBRARY_AND_CONTINUITY_TASK_LEDGER.md","md","131.implementation-roadmap"
"131.implementation-roadmap/131200_STATIC_ART_OS_PHASE6_ADMIN_AND_GOVERNANCE_UI_TASK_LEDGER.md","131200_STATIC_ART_OS_PHASE6_ADMIN_AND_GOVERNANCE_UI_TASK_LEDGER.md","md","131.implementation-roadmap"
"131.implementation-roadmap/131210_STATIC_ART_OS_PHASE7_CX22073JW_REFERENCE_PUBLISH_TASK_LEDGER.md","131210_STATIC_ART_OS_PHASE7_CX22073JW_REFERENCE_PUBLISH_TASK_LEDGER.md","md","131.implementation-roadmap"
"131.implementation-roadmap/131220_STATIC_ART_OS_PHASE8_ACCEPTANCE_AND_REGRESSION_TASK_LEDGER.md","131220_STATIC_ART_OS_PHASE8_ACCEPTANCE_AND_REGRESSION_TASK_LEDGER.md","md","131.implementation-roadmap"
"131.implementation-roadmap/131230_STATIC_ART_OS_BUNDLED_PROGRESS_MEMO_TEMPLATE.md","131230_STATIC_ART_OS_BUNDLED_PROGRESS_MEMO_TEMPLATE.md","md","131.implementation-roadmap"
"131.implementation-roadmap/131240_STATIC_ART_OS_MASTER_NEXT_ACTION_ORDER.md","131240_STATIC_ART_OS_MASTER_NEXT_ACTION_ORDER.md","md","131.implementation-roadmap"
"131.implementation-roadmap/131250_STATIC_ART_OS_PHASE4_5_MASTER_LEDGER.md","131250_STATIC_ART_OS_PHASE4_5_MASTER_LEDGER.md","md","131.implementation-roadmap"
"131.implementation-roadmap/131260_STATIC_ART_OS_PHASE4_ENTITLEMENT_ACCESS_DETAILED_LEDGER.md","131260_STATIC_ART_OS_PHASE4_ENTITLEMENT_ACCESS_DETAILED_LEDGER.md","md","131.implementation-roadmap"
"131.implementation-roadmap/131270_STATIC_ART_OS_PHASE5_LIBRARY_CONTINUITY_DETAILED_LEDGER.md","131270_STATIC_ART_OS_PHASE5_LIBRARY_CONTINUITY_DETAILED_LEDGER.md","md","131.implementation-roadmap"
"131.implementation-roadmap/131280_STATIC_ART_OS_PHASE4_5_EXIT_CRITERIA.md","131280_STATIC_ART_OS_PHASE4_5_EXIT_CRITERIA.md","md","131.implementation-roadmap"
"131.implementation-roadmap/131290_STATIC_ART_OS_PHASE6_ADMIN_GOVERNANCE_UI_TASK_LEDGER.md","131290_STATIC_ART_OS_PHASE6_ADMIN_GOVERNANCE_UI_TASK_LEDGER.md","md","131.implementation-roadmap"
"131.implementation-roadmap/131300_STATIC_ART_OS_PHASE7_ACCEPTANCE_REGRESSION_TASK_LEDGER.md","131300_STATIC_ART_OS_PHASE7_ACCEPTANCE_REGRESSION_TASK_LEDGER.md","md","131.implementation-roadmap"
"131.implementation-roadmap/131310_STATIC_ART_OS_PHASE8_DEFERRED_EXTERNAL_INTEGRATION_NOTE.md","131310_STATIC_ART_OS_PHASE8_DEFERRED_EXTERNAL_INTEGRATION_NOTE.md","md","131.implementation-roadmap"
"131.implementation-roadmap/131320_STATIC_ART_OS_STANDALONE_FINAL_ROADMAP.md","131320_STATIC_ART_OS_STANDALONE_FINAL_ROADMAP.md","md","131.implementation-roadmap"
"131.implementation-roadmap/131330_STATIC_ART_OS_IMPLEMENTATION_READY_FINAL_CHECKLIST.md","131330_STATIC_ART_OS_IMPLEMENTATION_READY_FINAL_CHECKLIST.md","md","131.implementation-roadmap"
"131.implementation-roadmap/131340_STATIC_ART_OS_STANDALONE_MASTER_OPERATION_MANUAL.md","131340_STATIC_ART_OS_STANDALONE_MASTER_OPERATION_MANUAL.md","md","131.implementation-roadmap"
"131.implementation-roadmap/131350_STATIC_ART_OS_STANDALONE_PHASE_GATE_MATRIX.md","131350_STATIC_ART_OS_STANDALONE_PHASE_GATE_MATRIX.md","md","131.implementation-roadmap"
"131.implementation-roadmap/131360_STATIC_ART_OS_STANDALONE_IMPLEMENTATION_READY_COMPLETION_MEMO_TEMPLATE.md","131360_STATIC_ART_OS_STANDALONE_IMPLEMENTATION_READY_COMPLETION_MEMO_TEMPLATE.md","md","131.implementation-roadmap"
"131.implementation-roadmap/131_INDEX.md","131_INDEX.md","md","131.implementation-roadmap"
"131.implementation-roadmap/131_OVERVIEW.md","131_OVERVIEW.md","md","131.implementation-roadmap"
"132.operations/132000_STATIC_ART_OS_STANDALONE_COMMAND_INDEX.md","132000_STATIC_ART_OS_STANDALONE_COMMAND_INDEX.md","md","132.operations"
"132.operations/132010_STATIC_ART_OS_STANDALONE_OPERATION_SHORTCUTS.md","132010_STATIC_ART_OS_STANDALONE_OPERATION_SHORTCUTS.md","md","132.operations"
"132.operations/132020_STATIC_ART_OS_STANDALONE_PHASE_MAP.md","132020_STATIC_ART_OS_STANDALONE_PHASE_MAP.md","md","132.operations"
"132.operations/132100_staticart_standalone_master_launcher.sh","132100_staticart_standalone_master_launcher.sh","sh","132.operations"
"132.operations/132110_STATIC_ART_OS_STANDALONE_HANDOFF_NOTE.md","132110_STATIC_ART_OS_STANDALONE_HANDOFF_NOTE.md","md","132.operations"
"132.operations/132120_STATIC_ART_OS_IMPLEMENTATION_START_HANDOFF.md","132120_STATIC_ART_OS_IMPLEMENTATION_START_HANDOFF.md","md","132.operations"
"132.operations/132130_STATIC_ART_OS_IMPLEMENTATION_START_CHECKLIST.md","132130_STATIC_ART_OS_IMPLEMENTATION_START_CHECKLIST.md","md","132.operations"
"132.operations/132140_staticart_start_here.sh","132140_staticart_start_here.sh","sh","132.operations"
"132.operations/132150_STATIC_ART_OS_KEY_FILES_LEDGER.md","132150_STATIC_ART_OS_KEY_FILES_LEDGER.md","md","132.operations"
"132.operations/132160_staticart_review_portal.sh","132160_staticart_review_portal.sh","sh","132.operations"
"132.operations/132170_staticart_closeout_portal.sh","132170_staticart_closeout_portal.sh","sh","132.operations"
"132.operations/132_OVERVIEW.md","132_OVERVIEW.md","md","132.operations"
"132.operations/132_ROADMAP.md","132_ROADMAP.md","md","132.operations"
"920.meta/040.standalone_integrated_rebuild/000001_STATIC_ART_OS_STANDALONE_FILE_ORDER.txt","000001_STATIC_ART_OS_STANDALONE_FILE_ORDER.txt","txt","920.meta"
"920.meta/040.standalone_integrated_rebuild/000002_STATIC_ART_OS_STANDALONE_REBUILD_REPORT.md","000002_STATIC_ART_OS_STANDALONE_REBUILD_REPORT.md","md","920.meta"
"920.meta/041.index_overview_roadmap_audit/000001_STATIC_ART_OS_INDEX_OVERVIEW_ROADMAP_AUDIT_REPORT.md","000001_STATIC_ART_OS_INDEX_OVERVIEW_ROADMAP_AUDIT_REPORT.md","md","920.meta"
"920.meta/042.index_overview_repair/000001_STATIC_ART_OS_INDEX_OVERVIEW_REPAIR_REPORT.md","000001_STATIC_ART_OS_INDEX_OVERVIEW_REPAIR_REPORT.md","md","920.meta"
"920.meta/043.index_overview_reaudit/000001_STATIC_ART_OS_INDEX_OVERVIEW_REAUDIT_REPORT.md","000001_STATIC_ART_OS_INDEX_OVERVIEW_REAUDIT_REPORT.md","md","920.meta"
"920.meta/044.root_roadmap_repair/000001_STATIC_ART_OS_ROOT_ROADMAP_REPAIR_REPORT.md","000001_STATIC_ART_OS_ROOT_ROADMAP_REPAIR_REPORT.md","md","920.meta"
"920.meta/045.final_structure_reaudit/000001_STATIC_ART_OS_FINAL_STRUCTURE_REAUDIT_REPORT.md","000001_STATIC_ART_OS_FINAL_STRUCTURE_REAUDIT_REPORT.md","md","920.meta"
"920.meta/046.final_integrated_rebuild/000001_STATIC_ART_OS_STANDALONE_FILE_ORDER.txt","000001_STATIC_ART_OS_STANDALONE_FILE_ORDER.txt","txt","920.meta"
"920.meta/046.final_integrated_rebuild/000002_STATIC_ART_OS_STANDALONE_REBUILD_REPORT.md","000002_STATIC_ART_OS_STANDALONE_REBUILD_REPORT.md","md","920.meta"
"920.meta/047.standalone_freeze/000001_STATIC_ART_OS_STANDALONE_FREEZE_MANIFEST.txt","000001_STATIC_ART_OS_STANDALONE_FREEZE_MANIFEST.txt","txt","920.meta"
"920.meta/047.standalone_freeze/000002_STATIC_ART_OS_STANDALONE_FREEZE_SHA256.txt","000002_STATIC_ART_OS_STANDALONE_FREEZE_SHA256.txt","txt","920.meta"
"920.meta/047.standalone_freeze/000003_STATIC_ART_OS_STANDALONE_FREEZE_NOTE.md","000003_STATIC_ART_OS_STANDALONE_FREEZE_NOTE.md","md","920.meta"
"920.meta/047.standalone_freeze/000004_STATIC_ART_OS_STANDALONE_FREEZE_REPORT.md","000004_STATIC_ART_OS_STANDALONE_FREEZE_REPORT.md","md","920.meta"
"920.meta/048.standalone_handoff/000001_STATIC_ART_OS_STANDALONE_HANDOFF_REPORT.md","000001_STATIC_ART_OS_STANDALONE_HANDOFF_REPORT.md","md","920.meta"
"920.meta/049.review_portal/000001_STATIC_ART_OS_REVIEW_PORTAL_REPORT.md","000001_STATIC_ART_OS_REVIEW_PORTAL_REPORT.md","md","920.meta"
"920.meta/050.standalone_closeout/000001_STATIC_ART_OS_STANDALONE_CLOSEOUT_SUMMARY.md","000001_STATIC_ART_OS_STANDALONE_CLOSEOUT_SUMMARY.md","md","920.meta"
"920.meta/050.standalone_closeout/000002_STATIC_ART_OS_STANDALONE_ARTIFACT_LEDGER.md","000002_STATIC_ART_OS_STANDALONE_ARTIFACT_LEDGER.md","md","920.meta"
"920.meta/050.standalone_closeout/000003_STATIC_ART_OS_STANDALONE_EXECUTION_CHEATSHEET.md","000003_STATIC_ART_OS_STANDALONE_EXECUTION_CHEATSHEET.md","md","920.meta"
"920.meta/050.standalone_closeout/000004_STATIC_ART_OS_STANDALONE_CLOSEOUT_REPORT.md","000004_STATIC_ART_OS_STANDALONE_CLOSEOUT_REPORT.md","md","920.meta"
"999.summary/999900_STATIC_ART_OS_IMPLEMENTATION_READY_SUMMARY.md","999900_STATIC_ART_OS_IMPLEMENTATION_READY_SUMMARY.md","md","999.summary"
"999.summary/999_INDEX.md","999_INDEX.md","md","999.summary"
"999.summary/999_OVERVIEW.md","999_OVERVIEW.md","md","999.summary"
