10948	- business persona binding lifecycle updated explicitly	Abolish direct mutation. Convert to request event -> PersonaOS apply -> result event.	
11193	- business persona binding lifecycle updated explicitly	Abolish direct mutation. Convert to request event -> PersonaOS apply -> result event.	
12407	3 persona-integration runtime updates state	Abolish direct mutation. Convert to request event -> PersonaOS apply -> result event.	
12736	3 persona-integration runtime updates state	Abolish direct mutation. Convert to request event -> PersonaOS apply -> result event.	
13828	POST /persona/growth-effects/apply-request	Abolish direct mutation. Convert to request event -> PersonaOS apply -> result event.	
13979	POST /persona/growth-effects/apply-response	Abolish direct mutation. Convert to request event -> PersonaOS apply -> result event.	
14077	POST /persona/growth-effects/apply-request	Abolish direct mutation. Convert to request event -> PersonaOS apply -> result event.	
14228	POST /persona/growth-effects/apply-response	Abolish direct mutation. Convert to request event -> PersonaOS apply -> result event.	
14567	scope	Abolish direct mutation. Convert to request event -> PersonaOS apply -> result event.	 business-persona-apply-response
14873	scope	Abolish direct mutation. Convert to request event -> PersonaOS apply -> result event.	 business-persona-apply-response
15373	Defines investigation flow for rejected persona apply events.	Abolish direct mutation. Convert to request event -> PersonaOS apply -> result event.	
15775	Defines investigation flow for rejected persona apply events.	Abolish direct mutation. Convert to request event -> PersonaOS apply -> result event.	
17	3 persona-integration runtime updates state	Abolish direct mutation. Convert to request event -> PersonaOS apply -> result event.	
186	POST /persona/growth-effects/apply-response	Abolish direct mutation. Convert to request event -> PersonaOS apply -> result event.	
19	- confirm BusinessOS owns persona-related commercial truth mutation authority	Abolish direct mutation. Convert to request event -> PersonaOS apply -> result event.	
29755	- direct mutation from external consumer cache	Abolish direct mutation. Convert to request event -> PersonaOS apply -> result event.	
31	- PersonaOS may keep persona-apply eligibility.	Abolish direct mutation. Convert to request event -> PersonaOS apply -> result event.	
31773	- confirm BusinessOS owns persona-related commercial truth mutation authority	Abolish direct mutation. Convert to request event -> PersonaOS apply -> result event.	
34865	- PersonaOS may keep persona-apply eligibility.	Abolish direct mutation. Convert to request event -> PersonaOS apply -> result event.	
35	POST /persona/growth-effects/apply-request	Abolish direct mutation. Convert to request event -> PersonaOS apply -> result event.	
3821	- business persona binding lifecycle updated explicitly	Abolish direct mutation. Convert to request event -> PersonaOS apply -> result event.	
40129	- business persona binding lifecycle updated explicitly	Abolish direct mutation. Convert to request event -> PersonaOS apply -> result event.	
40865	3 persona-integration runtime updates state	Abolish direct mutation. Convert to request event -> PersonaOS apply -> result event.	
42	- business persona binding lifecycle updated explicitly	Abolish direct mutation. Convert to request event -> PersonaOS apply -> result event.	
4557	3 persona-integration runtime updates state	Abolish direct mutation. Convert to request event -> PersonaOS apply -> result event.	
5	scope	Abolish direct mutation. Convert to request event -> PersonaOS apply -> result event.	 business-persona-apply-response
529	- direct mutation from external consumer cache	Abolish direct mutation. Convert to request event -> PersonaOS apply -> result event.	
54773	- business persona binding lifecycle updated explicitly	Abolish direct mutation. Convert to request event -> PersonaOS apply -> result event.	
56232	3 persona-integration runtime updates state	Abolish direct mutation. Convert to request event -> PersonaOS apply -> result event.	
57653	POST /persona/growth-effects/apply-request	Abolish direct mutation. Convert to request event -> PersonaOS apply -> result event.	
57804	POST /persona/growth-effects/apply-response	Abolish direct mutation. Convert to request event -> PersonaOS apply -> result event.	
58392	scope	Abolish direct mutation. Convert to request event -> PersonaOS apply -> result event.	 business-persona-apply-response
59198	Defines investigation flow for rejected persona apply events.	Abolish direct mutation. Convert to request event -> PersonaOS apply -> result event.	
7	Defines investigation flow for rejected persona apply events.	Abolish direct mutation. Convert to request event -> PersonaOS apply -> result event.	
